Workbook

Sheet Torsion
B4: 3.13 THIN-WALLED HOLLOW SHAFTS IN TORSION
B12: Property | C12: Value | D12: Units | E12: Notes
B13: thickness,t | C13: 0.032 | D13: in
B14: width, w | C14: 10.314 | D14: in
B15: height, h | C15: 4.324 | D15: in
B16: torsional load, T | C16: =429.6*2 -> 859.2 | D16: lb-in | E16: dynamic load torque (55ft-lbs = 660 lb-in from NE python) + Full load of one leg (45 lbs * 3 in from axis)
E17: =660 + 45*3 -> 795
B18: area, A | C18: =(C14*C15)-((C14-2*C13)*(C15-2*C13)) -> 0.932736 | D18: in^2
B19: shear stress, τ | C19: =C16/(2*C13*C18) -> 14393.14 | D19: psi

Sheet Bending
B4: BEAM DEFLECTION FOR HOUSING IN BENDING
B5: *SIMPLY SUPPORTED* | P5: *DISTRIBUTED WEIGHT* | AE5: *CANTILEVER BEAM*
C7: Property | E7: Units | F7: Notes | O7: Property | Q7: Units | R7: Notes | AD7: Property | AE7: Value | AF7: Units | AG7: Notes
C8: load, P | D8: 26 | E8: lbf | F8: weight of current dog | O8: distributed load, w | P8: =26/14 -> 1.8571429 | Q8: lbf/in | R8: 26 lbf ditributed over 14 in | AD8: point load, P | AE8: =60 -> 60 | AF8: lbf | AG8: force of two legs on one hip (30 lbf per leg for dynamic load)
C9: length, L | D9: 14 | E9: in | O9: length, L | P9: 14 | Q9: in | AD9: length, L | AE9: 14 | AF9: in
C10: area moment, I | D10: =0.5*Torsion!C13*Torsion!C14*Torsion!C15^2+0.5*Torsion!C13*Torsion!C15*Torsion!C14^2 -> 10.445147 | E10: in^4 | F10: bending about verical axis | O10: area moment, I | P10: =D10 -> 10.445147 | Q10: in^4 | AD10: area moment, I | AE10: =D10 -> 10.445147 | AF10: in^4
C11: max, moment, M | D11: =(1/4)*D8*D9 -> 91 | E11: lb-in | O11: max, moment, M | P11: =(1/8)*P8*P9^2 -> 45.5 | Q11: lb-in | R11: bending about verical axis | AD11: max, moment, M | AE11: =AE8*AE9 -> 840 | AF11: lb-in | AG11: bending about verical axis
C12: dist. to neutral axis, c | D12: =Torsion!C15/2 -> 2.162 | E12: in | F12: bending about verical axis | O12: dist. to neutral axis, c | P12: =D12 -> 2.162 | Q12: in | AD12: dist. to neutral axis, c | AE12: =D12 -> 2.162 | AF12: in
C13: elastic section modulus, S | D13: =D10/D12 -> 4.8312426 | E13: in^3 | O13: elastic section modulus, S | P13: =P10/P12 -> 4.8312426 | Q13: in^3 | R13: bending about verical axis | AD13: elastic section modulus, S | AE13: =AE10/AE12 -> 4.8312426 | AF13: in^3 | AG13: bending about verical axis
C14: max bending stress, σ | D14: =ABS(D11)/D13 -> 18.835734 | E14: psi | O14: max bending stress, σ | P14: =ABS(P11)/P13 -> 9.4178669 | Q14: psi | AD14: max bending stress, σ | AE14: =ABS(AE11)/AE13 -> 173.86831 | AF14: psi
AD26: `

Sheet Combined
B4: Combined (with Von-Mises) bending-torsion stress: | O4: Experimental Yield Stresses
B5: *SIMPLY SUPPORTED* | P5: CF yield stress | Q5: 63606.25 | R5: (psi)
C6: Property | D6: Value | E6: Units | F6: Notes | P6: Alum yield stress | Q6: 31336.97 | R6: (psi)
C7: von-Mises stress, σ | D7: =SQRT((Bending!D14)^2+3*(Torsion!C19)^2) -> 24929.657 | E7: psi
C8: material yeild stress, σ | D8: =38*10^3 -> 38000 | E8: psi | F8: 6061 Al | O8: Alum factor of safety, S | P8: =Q6/D7 -> 1.2570157 | Q8: [-]
C9: factor of safety, S | D9: =D8/D7 -> 1.5242889 | E9: [-] | F9: needs to be greater than 1.5 | O9: CF factor of safety, S | P9: =Q5/D7 -> 2.551429 | Q9: [-]
B12: *DISTRIBUTED LOAD*
C13: Property | D13: Value | E13: Units | F13: Notes
C14: von-Mises stress, σ | D14: =SQRT((Bending!P14)^2+3*(Torsion!C19)^2) -> 24929.652 | E14: psi
C15: material yeild stress, σ | D15: =38*10^3 -> 38000 | E15: psi | F15: 6061 Al | O15: Alum factor of safety, S | P15: =Q6/D14 -> 1.2570159 | Q15: [-]
C16: factor of safety, S | D16: =D15/D14 -> 1.5242892 | E16: [-] | F16: needs to be greater than 1.5 | O16: CF factor of safety, S | P16: =Q5/D14 -> 2.5514295 | Q16: [-]
B19: *CANTILEVER BEAM*
C20: Property | D20: Value | E20: Units | F20: Notes
C21: von-Mises stress, σ | D21: =SQRT((Bending!AE14)^2+3*(Torsion!C19)^2) -> 24930.256 | E21: psi
C22: material yeild stress, σ | D22: =38*10^3 -> 38000 | E22: psi | F22: 6061 Al | O22: Alum factor of safety, S | P22: =Q6/D21 -> 1.2569855 | Q22: [-]
C23: factor of safety, S | D23: =D22/D21 -> 1.5242523 | E23: [-] | F23: needs to be greater than 1.5 | O23: CF factor of safety, S | P23: =Q5/D21 -> 2.5513677 | Q23: [-]

Sheet Testing
B3: Load (g) | C3: Load (lbs) | D3: P/F
B4: 4722 | C4: =B4*0.0022 -> 10.3884 | D4: P
B5: =B4+4831 -> 9553 | C5: =B5*0.0022 -> 21.0166 | D5: P
B6: =B5+4786 -> 14339 | C6: =B6*0.0022 -> 31.5458 | D6: P
B7: =B6+4599 -> 18938 | C7: =B7*0.0022 -> 41.6636 | D7: P
B8: =B7+4755 -> 23693 | C8: =B8*0.0022 -> 52.1246 | D8: P
C9: =B9*0.0022 -> 0
C10: =B10*0.0022 -> 0
C11: =B11*0.0022 -> 0
C12: =B12*0.0022 -> 0
